registro_id,empleado_id,periodo,fecha_evaluacion,productividad_pct,calidad_trabajo_pct,cumplimiento_objetivos_pct,asistencia_pct,horas_capacitacion,horas_extra,ausencias_dias,puntaje_desempeno,nivel_desempeno,nombre_completo,genero,edad,fecha_ingreso,salario_mensual,modalidad,estado_laboral,fecha_salida,puesto,nivel_puesto,departamento,ubicacion_departamento,encuesta_id,fecha_encuesta,canal,comentario_abierto,sentimiento_declarado,anonimizada,respuestas_satisfaccion_laboral,respuestas_relacion_con_jefatura,respuestas_reconocimiento,respuestas_balance_vida_trabajo,respuestas_intencion_de_permanecer,antiguedad,capacitaciones_recibidas,nivel_desempeno_calculado,riesgo_rotacion,estado_colaborador
1,EMP001,2025-Q3,2025-09-30,76.2,72.1,68.6,97.6,12.0,9,1.0,77.55,Medio,Ana Hernández,F,29.0,2022-09-17,1400.0,Presencial,Activo,,Desarrollador/a de Software,Operativo,Tecnología,San Salvador,ENC0001,2026-06-04,Aplicación móvil,El ambiente es aceptable; espero más oportunidades de capacitación.,neutral,True,4.0,2.0,3.0,3.0,3.0,3,2,Medio,Bajo,Activo
2,EMP001,2025-Q4,2025-12-31,56.2,76.7,71.5,94.1,11.0,12,3.0,72.73,Medio,Ana Hernández,F,29.0,2022-09-17,1400.0,Presencial,Activo,,Desarrollador/a de Software,Operativo,Tecnología,San Salvador,ENC0001,2026-06-04,Aplicación móvil,El ambiente es aceptable; espero más oportunidades de capacitación.,neutral,True,4.0,2.0,3.0,3.0,3.0,3,1,Medio,Bajo,Activo
3,EMP001,2026-Q1,2026-03-31,75.1,67.9,76.0,92.8,10.0,19,4.0,77.06,Medio,Ana Hernández,F,29.0,2022-09-17,1400.0,Presencial,Activo,,Desarrollador/a de Software,Operativo,Tecnología,San Salvador,ENC0001,2026-06-04,Aplicación móvil,El ambiente es aceptable; espero más oportunidades de capacitación.,neutral,True,4.0,2.0,3.0,3.0,3.0,3,1,Medio,Medio,Activo
4,EMP001,2026-Q2,2026-06-30,71.6,79.8,78.1,93.3,9.0,8,4.0,79.61,Medio,Ana Hernández,F,29.0,2022-09-17,1400.0,Presencial,Activo,,Desarrollador/a de Software,Operativo,Tecnología,San Salvador,ENC0001,2026-06-04,Aplicación móvil,El ambiente es aceptable; espero más oportunidades de capacitación.,neutral,True,4.0,2.0,3.0,3.0,3.0,3,1,Medio,Medio,Activo
5,EMP002,2025-Q3,2025-09-30,76.5,80.2,86.3,98.7,4.0,5,1.0,84.31,Medio,Carlos Vásquez,M,36.0,2025-07-26,1450.0,Remota,Activo,,Analista de Datos,Operativo,Tecnología,San Salvador,ENC0002,2026-06-07,Aplicación móvil,El ambiente laboral facilita mi productividad y colaboración.,positivo,True,5.0,5.0,5.0,3.0,5.0,1,0,Alto,Bajo,Activo
6,EMP002,2025-Q4,2025-12-31,72.5,78.0,82.8,98.2,13.0,10,1.0,81.59,Medio,Carlos Vásquez,M,36.0,2025-07-26,1450.0,Remota,Activo,,Analista de Datos,Operativo,Tecnología,San Salvador,ENC0002,2026-06-07,Aplicación móvil,El ambiente laboral facilita mi productividad y colaboración.,positivo,True,5.0,5.0,5.0,3.0,5.0,1,2,Alto,Bajo,Activo
7,EMP002,2026-Q1,2026-03-31,76.4,72.5,77.5,97.5,6.0,7,3.0,79.92,Medio,Carlos Vásquez,M,36.0,2025-07-26,1450.0,Remota,Activo,,Analista de Datos,Operativo,Tecnología,San Salvador,ENC0002,2026-06-07,Aplicación móvil,El ambiente laboral facilita mi productividad y colaboración.,positivo,True,5.0,5.0,5.0,3.0,5.0,1,1,Medio,Bajo,Activo
8,EMP002,2026-Q2,2026-06-30,80.2,79.3,76.9,96.0,15.0,0,2.0,82.31,Medio,Carlos Vásquez,M,36.0,2025-07-26,1450.0,Remota,Activo,,Analista de Datos,Operativo,Tecnología,San Salvador,ENC0002,2026-06-07,Aplicación móvil,El ambiente laboral facilita mi productividad y colaboración.,positivo,True,5.0,5.0,5.0,3.0,5.0,1,2,Alto,Bajo,Activo
9,EMP003,2025-Q3,2025-09-30,65.3,71.3,69.0,96.4,17.0,6,2.0,73.94,Medio,María Jiménez,F,53.0,2024-04-01,1100.0,Presencial,Activo,,Analista de Recursos Humanos,Operativo,Recursos Humanos,San Salvador,ENC0003,2026-06-13,Aplicación móvil,"Cumplo mis funciones, pero necesito mayor claridad en algunas prioridades.",neutral,True,3.0,2.0,3.0,2.0,4.0,2,2,Medio,Bajo,Activo
10,EMP003,2025-Q4,2025-12-31,63.4,66.4,58.5,93.0,8.0,10,3.0,68.84,Bajo,María Jiménez,F,53.0,2024-04-01,1100.0,Presencial,Activo,,Analista de Recursos Humanos,Operativo,Recursos Humanos,San Salvador,ENC0003,2026-06-13,Aplicación móvil,"Cumplo mis funciones, pero necesito mayor claridad en algunas prioridades.",neutral,True,3.0,2.0,3.0,2.0,4.0,2,1,Medio,Bajo,Activo
11,EMP003,2026-Q1,2026-03-31,74.4,67.2,74.1,94.4,13.0,5,4.0,76.53,Medio,María Jiménez,F,53.0,2024-04-01,1100.0,Presencial,Activo,,Analista de Recursos Humanos,Operativo,Recursos Humanos,San Salvador,ENC0003,2026-06-13,Aplicación móvil,"Cumplo mis funciones, pero necesito mayor claridad en algunas prioridades.",neutral,True,3.0,2.0,3.0,2.0,4.0,2,2,Medio,Medio,Activo
12,EMP003,2026-Q2,2026-06-30,72.9,71.5,68.8,94.5,6.0,14,3.0,75.85,Medio,María Jiménez,F,53.0,2024-04-01,1100.0,Presencial,Activo,,Analista de Recursos Humanos,Operativo,Recursos Humanos,San Salvador,ENC0003,2026-06-13,Aplicación móvil,"Cumplo mis funciones, pero necesito mayor claridad en algunas prioridades.",neutral,True,3.0,2.0,3.0,2.0,4.0,2,1,Medio,Bajo,Activo
13,EMP004,2025-Q3,2025-09-30,69.4,77.8,85.7,97.7,9.0,9,3.0,81.23,Medio,José Castro,M,29.0,2021-02-15,1650.0,Remota,Activo,,Jefe/a de Recursos Humanos,Jefatura,Recursos Humanos,San Salvador,ENC0004,2026-06-19,Portal interno,No tengo claridad sobre mis posibilidades de crecimiento.,negativo,True,1.0,3.0,2.0,2.0,1.0,5,1,Alto,Alto,Activo
14,EMP004,2025-Q4,2025-12-31,67.5,70.2,71.1,96.6,6.0,1,1.0,74.89,Medio,José Castro,M,29.0,2021-02-15,1650.0,Remota,Activo,,Jefe/a de Recursos Humanos,Jefatura,Recursos Humanos,San Salvador,ENC0004,2026-06-19,Portal interno,No tengo claridad sobre mis posibilidades de crecimiento.,negativo,True,1.0,3.0,2.0,2.0,1.0,5,1,Medio,Alto,Activo
15,EMP004,2026-Q1,2026-03-31,74.9,76.7,64.9,98.8,5.0,0,1.0,77.63,Medio,José Castro,M,29.0,2021-02-15,1650.0,Remota,Activo,,Jefe/a de Recursos Humanos,Jefatura,Recursos Humanos,San Salvador,ENC0004,2026-06-19,Portal interno,No tengo claridad sobre mis posibilidades de crecimiento.,negativo,True,1.0,3.0,2.0,2.0,1.0,5,1,Medio,Alto,Activo
16,EMP004,2026-Q2,2026-06-30,63.1,63.0,64.7,93.1,9.0,10,2.0,69.48,Bajo,José Castro,M,29.0,2021-02-15,1650.0,Remota,Activo,,Jefe/a de Recursos Humanos,Jefatura,Recursos Humanos,San Salvador,ENC0004,2026-06-19,Portal interno,No tengo claridad sobre mis posibilidades de crecimiento.,negativo,True,1.0,3.0,2.0,2.0,1.0,5,1,Medio,Alto,Activo
17,EMP005,2025-Q3,2025-09-30,67.2,83.0,79.5,98.1,11.0,9,1.0,80.41,Medio,Sofía Méndez,F,53.0,2022-04-13,1200.0,Híbrida,Activo,,Analista Financiero/a,Operativo,Finanzas,Santa Tecla,ENC0005,2026-06-05,Correo,Tengo oportunidades de aprendizaje y deseo continuar en la organización.,positivo,True,4.0,4.0,5.0,5.0,4.0,4,1,Alto,Bajo,Activo
18,EMP005,2025-Q4,2025-12-31,83.7,78.9,77.6,99.9,9.0,3,1.0,84.22,Medio,Sofía Méndez,F,53.0,2022-04-13,1200.0,Híbrida,Activo,,Analista Financiero/a,Operativo,Finanzas,Santa Tecla,ENC0005,2026-06-05,Correo,Tengo oportunidades de aprendizaje y deseo continuar en la organización.,positivo,True,4.0,4.0,5.0,5.0,4.0,4,1,Alto,Bajo,Activo
19,EMP005,2026-Q1,2026-03-31,70.9,73.8,75.0,95.5,7.0,7,3.0,77.57,Medio,Sofía Méndez,F,53.0,2022-04-13,1200.0,Híbrida,Activo,,Analista Financiero/a,Operativo,Finanzas,Santa Tecla,ENC0005,2026-06-05,Correo,Tengo oportunidades de aprendizaje y deseo continuar en la organización.,positivo,True,4.0,4.0,5.0,5.0,4.0,4,1,Medio,Bajo,Activo
20,EMP005,2026-Q2,2026-06-30,70.2,86.6,81.8,96.6,11.0,3,2.0,82.48,Medio,Sofía Méndez,F,53.0,2022-04-13,1200.0,Híbrida,Activo,,Analista Financiero/a,Operativo,Finanzas,Santa Tecla,ENC0005,2026-06-05,Correo,Tengo oportunidades de aprendizaje y deseo continuar en la organización.,positivo,True,4.0,4.0,5.0,5.0,4.0,4,1,Alto,Bajo,Activo
21,EMP006,2025-Q3,2025-09-30,75.7,77.2,69.3,96.6,3.0,9,2.0,78.66,Medio,Luis Sánchez,M,44.0,2023-12-17,1250.0,Presencial,Renunció,2026-06-11,Contador/a,Operativo,Finanzas,Santa Tecla,ENC0006,2026-06-17,Portal interno,No tengo claridad sobre mis posibilidades de crecimiento.,negativo,True,1.0,1.0,2.0,1.0,2.0,2,0,Medio,Alto,Inactivo
22,EMP006,2025-Q4,2025-12-31,78.8,84.5,81.2,93.1,8.0,4,4.0,83.69,Medio,Luis Sánchez,M,44.0,2023-12-17,1250.0,Presencial,Renunció,2026-06-11,Contador/a,Operativo,Finanzas,Santa Tecla,ENC0006,2026-06-17,Portal interno,No tengo claridad sobre mis posibilidades de crecimiento.,negativo,True,1.0,1.0,2.0,1.0,2.0,2,1,Alto,Alto,Inactivo
23,EMP006,2026-Q1,2026-03-31,67.9,72.7,61.4,94.8,9.0,17,4.0,72.86,Medio,Luis Sánchez,M,44.0,2023-12-17,1250.0,Presencial,Renunció,2026-06-11,Contador/a,Operativo,Finanzas,Santa Tecla,ENC0006,2026-06-17,Portal interno,No tengo claridad sobre mis posibilidades de crecimiento.,negativo,True,1.0,1.0,2.0,1.0,2.0,2,1,Medio,Alto,Inactivo
24,EMP006,2026-Q2,2026-06-30,66.8,70.8,65.3,88.6,0.0,6,5.0,71.78,Medio,Luis Sánchez,M,44.0,2023-12-17,1250.0,Presencial,Renunció,2026-06-11,Contador/a,Operativo,Finanzas,Santa Tecla,ENC0006,2026-06-17,Portal interno,No tengo claridad sobre mis posibilidades de crecimiento.,negativo,True,1.0,1.0,2.0,1.0,2.0,2,0,Medio,Alto,Inactivo
25,EMP007,2025-Q3,2025-09-30,86.7,88.1,79.3,98.0,7.0,15,2.0,87.46,Alto,Daniela López,F,27.0,2025-09-10,1550.0,Híbrida,Activo,,Supervisor/a de Operaciones,Jefatura,Operaciones,Santa Ana,ENC0007,2026-06-13,Portal interno,Me siento valorado por mi equipo y tengo claridad sobre mis objetivos.,positivo,True,5.0,4.0,5.0,5.0,5.0,0,1,Alto,Bajo,Activo
26,EMP007,2025-Q4,2025-12-31,83.7,87.4,76.3,94.8,12.0,6,3.0,85.0,Alto,Daniela López,F,27.0,2025-09-10,1550.0,Híbrida,Activo,,Supervisor/a de Operaciones,Jefatura,Operaciones,Santa Ana,ENC0007,2026-06-13,Portal interno,Me siento valorado por mi equipo y tengo claridad sobre mis objetivos.,positivo,True,5.0,4.0,5.0,5.0,5.0,0,2,Alto,Bajo,Activo
27,EMP007,2026-Q1,2026-03-31,84.3,79.2,84.1,94.3,10.0,0,4.0,84.98,Medio,Daniela López,F,27.0,2025-09-10,1550.0,Híbrida,Activo,,Supervisor/a de Operaciones,Jefatura,Operaciones,Santa Ana,ENC0007,2026-06-13,Portal interno,Me siento valorado por mi equipo y tengo claridad sobre mis objetivos.,positivo,True,5.0,4.0,5.0,5.0,5.0,0,1,Alto,Bajo,Activo
28,EMP007,2026-Q2,2026-06-30,87.3,90.9,86.8,98.6,13.0,16,1.0,90.33,Alto,Daniela López,F,27.0,2025-09-10,1550.0,Híbrida,Activo,,Supervisor/a de Operaciones,Jefatura,Operaciones,Santa Ana,ENC0007,2026-06-13,Portal interno,Me siento valorado por mi equipo y tengo claridad sobre mis objetivos.,positivo,True,5.0,4.0,5.0,5.0,5.0,0,2,Alto,Bajo,Activo
29,EMP008,2025-Q3,2025-09-30,90.3,96.8,92.9,98.2,7.0,5,3.0,94.16,Alto,Miguel Ramírez,M,31.0,2021-01-28,1050.0,Híbrida,Activo,,Técnico/a de Operaciones,Operativo,Operaciones,Santa Ana,ENC0008,2026-06-04,Aplicación móvil,Tengo oportunidades de aprendizaje y deseo continuar en la organización.,positivo,True,4.0,5.0,3.0,4.0,4.0,5,1,Alto,Bajo,Activo
30,EMP008,2025-Q4,2025-12-31,96.0,96.8,92.5,96.7,8.0,9,2.0,95.47,Alto,Miguel Ramírez,M,31.0,2021-01-28,1050.0,Híbrida,Activo,,Técnico/a de Operaciones,Operativo,Operaciones,Santa Ana,ENC0008,2026-06-04,Aplicación móvil,Tengo oportunidades de aprendizaje y deseo continuar en la organización.,positivo,True,4.0,5.0,3.0,4.0,4.0,5,1,Alto,Bajo,Activo
31,EMP008,2026-Q1,2026-03-31,93.5,95.3,92.6,93.3,4.0,9,2.0,93.69,Alto,Miguel Ramírez,M,31.0,2021-01-28,1050.0,Híbrida,Activo,,Técnico/a de Operaciones,Operativo,Operaciones,Santa Ana,ENC0008,2026-06-04,Aplicación móvil,Tengo oportunidades de aprendizaje y deseo continuar en la organización.,positivo,True,4.0,5.0,3.0,4.0,4.0,5,0,Alto,Bajo,Activo
32,EMP008,2026-Q2,2026-06-30,100.0,93.0,93.0,95.5,8.0,4,2.0,95.6,Alto,Miguel Ramírez,M,31.0,2021-01-28,1050.0,Híbrida,Activo,,Técnico/a de Operaciones,Operativo,Operaciones,Santa Ana,ENC0008,2026-06-04,Aplicación móvil,Tengo oportunidades de aprendizaje y deseo continuar en la organización.,positivo,True,4.0,5.0,3.0,4.0,4.0,5,1,Alto,Bajo,Activo
33,EMP009,2025-Q3,2025-09-30,89.4,82.8,86.1,94.1,12.0,15,2.0,87.86,Alto,Valeria Flores,F,45.0,2024-07-03,1000.0,Remota,Activo,,Ejecutivo/a de Ventas,Operativo,Comercial,San Salvador,ENC0009,2026-06-28,Portal interno,Tengo oportunidades de aprendizaje y deseo continuar en la organización.,positivo,True,4.0,4.0,3.0,3.0,4.0,2,2,Alto,Bajo,Activo
34,EMP009,2025-Q4,2025-12-31,92.9,85.1,80.6,99.8,7.0,5,1.0,89.25,Alto,Valeria Flores,F,45.0,2024-07-03,1000.0,Remota,Activo,,Ejecutivo/a de Ventas,Operativo,Comercial,San Salvador,ENC0009,2026-06-28,Portal interno,Tengo oportunidades de aprendizaje y deseo continuar en la organización.,positivo,True,4.0,4.0,3.0,3.0,4.0,2,1,Alto,Bajo,Activo
35,EMP009,2026-Q1,2026-03-31,84.8,86.0,84.0,100.0,6.0,16,1.0,87.94,Alto,Valeria Flores,F,45.0,2024-07-03,1000.0,Remota,Activo,,Ejecutivo/a de Ventas,Operativo,Comercial,San Salvador,ENC0009,2026-06-28,Portal interno,Tengo oportunidades de aprendizaje y deseo continuar en la organización.,positivo,True,4.0,4.0,3.0,3.0,4.0,2,1,Alto,Bajo,Activo
36,EMP009,2026-Q2,2026-06-30,80.0,84.7,80.4,96.3,9.0,3,2.0,84.54,Medio,Valeria Flores,F,45.0,2024-07-03,1000.0,Remota,Activo,,Ejecutivo/a de Ventas,Operativo,Comercial,San Salvador,ENC0009,2026-06-28,Portal interno,Tengo oportunidades de aprendizaje y deseo continuar en la organización.,positivo,True,4.0,4.0,3.0,3.0,4.0,2,1,Alto,Bajo,Activo
37,EMP010,2025-Q3,2025-09-30,94.3,90.9,84.9,94.4,5.0,0,4.0,91.12,Alto,Jorge Mejía,M,53.0,2018-07-17,1700.0,Híbrida,Activo,,Coordinador/a Comercial,Jefatura,Comercial,San Salvador,ENC0010,2026-06-17,Portal interno,El ambiente laboral facilita mi productividad y colaboración.,positivo,True,5.0,5.0,5.0,4.0,4.0,8,1,Alto,Bajo,Activo
38,EMP010,2025-Q4,2025-12-31,85.9,86.4,90.8,94.6,4.0,10,2.0,88.99,Alto,Jorge Mejía,M,53.0,2018-07-17,1700.0,Híbrida,Activo,,Coordinador/a Comercial,Jefatura,Comercial,San Salvador,ENC0010,2026-06-17,Portal interno,El ambiente laboral facilita mi productividad y colaboración.,positivo,True,5.0,5.0,5.0,4.0,4.0,8,0,Alto,Bajo,Activo
39,EMP010,2026-Q1,2026-03-31,87.9,89.4,83.4,95.4,6.0,13,2.0,88.65,Alto,Jorge Mejía,M,53.0,2018-07-17,1700.0,Híbrida,Activo,,Coordinador/a Comercial,Jefatura,Comercial,San Salvador,ENC0010,2026-06-17,Portal interno,El ambiente laboral facilita mi productividad y colaboración.,positivo,True,5.0,5.0,5.0,4.0,4.0,8,1,Alto,Bajo,Activo
40,EMP010,2026-Q2,2026-06-30,93.5,84.7,89.5,97.1,9.0,0,2.0,91.02,Alto,Jorge Mejía,M,53.0,2018-07-17,1700.0,Híbrida,Activo,,Coordinador/a Comercial,Jefatura,Comercial,San Salvador,ENC0010,2026-06-17,Portal interno,El ambiente laboral facilita mi productividad y colaboración.,positivo,True,5.0,5.0,5.0,4.0,4.0,8,1,Alto,Bajo,Activo
41,EMP011,2025-Q3,2025-09-30,74.3,68.9,64.7,94.7,6.0,12,2.0,74.63,Medio,Camila Morales,F,47.0,2025-05-28,1300.0,Remota,Activo,,Desarrollador/a de Software,Operativo,Tecnología,San Salvador,ENC0011,2026-06-23,Correo,Me siento valorado por mi equipo y tengo claridad sobre mis objetivos.,positivo,True,5.0,5.0,5.0,3.0,4.0,1,1,Medio,Bajo,Activo
42,EMP011,2025-Q4,2025-12-31,80.8,80.2,76.6,98.3,4.0,9,1.0,83.1,Medio,Camila Morales,F,47.0,2025-05-28,1300.0,Remota,Activo,,Desarrollador/a de Software,Operativo,Tecnología,San Salvador,ENC0011,2026-06-23,Correo,Me siento valorado por mi equipo y tengo claridad sobre mis objetivos.,positivo,True,5.0,5.0,5.0,3.0,4.0,1,0,Alto,Bajo,Activo
43,EMP011,2026-Q1,2026-03-31,78.6,79.4,67.3,95.3,10.0,8,3.0,79.31,Medio,Camila Morales,F,47.0,2025-05-28,1300.0,Remota,Activo,,Desarrollador/a de Software,Operativo,Tecnología,San Salvador,ENC0011,2026-06-23,Correo,Me siento valorado por mi equipo y tengo claridad sobre mis objetivos.,positivo,True,5.0,5.0,5.0,3.0,4.0,1,1,Medio,Bajo,Activo
44,EMP011,2026-Q2,2026-06-30,75.6,81.9,86.6,94.5,14.0,3,3.0,83.71,Medio,Camila Morales,F,47.0,2025-05-28,1300.0,Remota,Activo,,Desarrollador/a de Software,Operativo,Tecnología,San Salvador,ENC0011,2026-06-23,Correo,Me siento valorado por mi equipo y tengo claridad sobre mis objetivos.,positivo,True,5.0,5.0,5.0,3.0,4.0,1,2,Alto,Bajo,Activo
45,EMP012,2025-Q3,2025-09-30,75.4,82.3,77.3,97.7,8.0,5,2.0,82.06,Medio,Fernando Pérez,M,52.0,2025-09-26,1250.0,Remota,Activo,,Analista de Datos,Operativo,Tecnología,San Salvador,ENC0012,2026-06-17,Aplicación móvil,"Cumplo mis funciones, pero necesito mayor claridad en algunas prioridades.",neutral,True,4.0,4.0,2.0,2.0,3.0,0,1,Alto,Bajo,Activo
46,EMP012,2025-Q4,2025-12-31,77.8,87.0,78.2,97.2,11.0,3,1.0,84.08,Medio,Fernando Pérez,M,52.0,2025-09-26,1250.0,Remota,Activo,,Analista de Datos,Operativo,Tecnología,San Salvador,ENC0012,2026-06-17,Aplicación móvil,"Cumplo mis funciones, pero necesito mayor claridad en algunas prioridades.",neutral,True,4.0,4.0,2.0,2.0,3.0,0,1,Alto,Bajo,Activo
47,EMP012,2026-Q1,2026-03-31,79.2,71.6,73.6,92.1,4.0,7,4.0,78.48,Medio,Fernando Pérez,M,52.0,2025-09-26,1250.0,Remota,Activo,,Analista de Datos,Operativo,Tecnología,San Salvador,ENC0012,2026-06-17,Aplicación móvil,"Cumplo mis funciones, pero necesito mayor claridad en algunas prioridades.",neutral,True,4.0,4.0,2.0,2.0,3.0,0,0,Medio,Medio,Activo
48,EMP012,2026-Q2,2026-06-30,73.2,75.8,84.6,95.6,3.0,7,2.0,81.18,Medio,Fernando Pérez,M,52.0,2025-09-26,1250.0,Remota,Activo,,Analista de Datos,Operativo,Tecnología,San Salvador,ENC0012,2026-06-17,Aplicación móvil,"Cumplo mis funciones, pero necesito mayor claridad en algunas prioridades.",neutral,True,4.0,4.0,2.0,2.0,3.0,0,0,Alto,Bajo,Activo
49,EMP013,2025-Q3,2025-09-30,71.6,70.1,68.4,100.0,8.0,7,1.0,76.1,Medio,Gabriela Reyes,F,36.0,2019-01-23,1100.0,Remota,Renunció,2026-01-23,Analista de Recursos Humanos,Operativo,Recursos Humanos,San Salvador,ENC0013,2026-06-05,Portal interno,No tengo claridad sobre mis posibilidades de crecimiento.,negativo,True,2.0,1.0,2.0,1.0,1.0,7,1,Medio,Alto,Inactivo
50,EMP013,2025-Q4,2025-12-31,69.0,71.7,64.4,96.3,6.0,17,2.0,73.98,Medio,Gabriela Reyes,F,36.0,2019-01-23,1100.0,Remota,Renunció,2026-01-23,Analista de Recursos Humanos,Operativo,Recursos Humanos,San Salvador,ENC0013,2026-06-05,Portal interno,No tengo claridad sobre mis posibilidades de crecimiento.,negativo,True,2.0,1.0,2.0,1.0,1.0,7,1,Medio,Alto,Inactivo
51,EMP013,2026-Q1,2026-03-31,52.3,63.9,55.9,96.3,0.0,11,3.0,64.9,Bajo,Gabriela Reyes,F,36.0,2019-01-23,1100.0,Remota,Renunció,2026-01-23,Analista de Recursos Humanos,Operativo,Recursos Humanos,San Salvador,ENC0013,2026-06-05,Portal interno,No tengo claridad sobre mis posibilidades de crecimiento.,negativo,True,2.0,1.0,2.0,1.0,1.0,7,0,Medio,Alto,Inactivo
52,EMP013,2026-Q2,2026-06-30,47.7,73.0,46.0,92.1,3.0,10,4.0,62.48,Bajo,Gabriela Reyes,F,36.0,2019-01-23,1100.0,Remota,Renunció,2026-01-23,Analista de Recursos Humanos,Operativo,Recursos Humanos,San Salvador,ENC0013,2026-06-05,Portal interno,No tengo claridad sobre mis posibilidades de crecimiento.,negativo,True,2.0,1.0,2.0,1.0,1.0,7,0,Medio,Alto,Inactivo
53,EMP014,2025-Q3,2025-09-30,72.1,65.7,60.7,93.7,11.0,4,3.0,71.97,Medio,Ricardo Martínez,M,49.0,2024-03-16,1700.0,Presencial,Activo,,Jefe/a de Recursos Humanos,Jefatura,Recursos Humanos,San Salvador,ENC0014,2026-06-09,Portal interno,"Cumplo mis funciones, pero necesito mayor claridad en algunas prioridades.",neutral,True,4.0,4.0,4.0,3.0,4.0,2,1,Medio,Bajo,Activo
54,EMP014,2025-Q4,2025-12-31,76.4,78.9,69.8,96.6,7.0,8,1.0,79.41,Medio,Ricardo Martínez,M,49.0,2024-03-16,1700.0,Presencial,Activo,,Jefe/a de Recursos Humanos,Jefatura,Recursos Humanos,San Salvador,ENC0014,2026-06-09,Portal interno,"Cumplo mis funciones, pero necesito mayor claridad en algunas prioridades.",neutral,True,4.0,4.0,4.0,3.0,4.0,2,1,Medio,Bajo,Activo
55,EMP014,2026-Q1,2026-03-31,68.2,68.9,60.9,92.2,12.0,6,4.0,71.35,Medio,Ricardo Martínez,M,49.0,2024-03-16,1700.0,Presencial,Activo,,Jefe/a de Recursos Humanos,Jefatura,Recursos Humanos,San Salvador,ENC0014,2026-06-09,Portal interno,"Cumplo mis funciones, pero necesito mayor claridad en algunas prioridades.",neutral,True,4.0,4.0,4.0,3.0,4.0,2,2,Medio,Bajo,Activo
56,EMP014,2026-Q2,2026-06-30,78.1,78.0,63.2,98.7,12.0,12,1.0,78.47,Medio,Ricardo Martínez,M,49.0,2024-03-16,1700.0,Presencial,Activo,,Jefe/a de Recursos Humanos,Jefatura,Recursos Humanos,San Salvador,ENC0014,2026-06-09,Portal interno,"Cumplo mis funciones, pero necesito mayor claridad en algunas prioridades.",neutral,True,4.0,4.0,4.0,3.0,4.0,2,2,Medio,Bajo,Activo
57,EMP015,2025-Q3,2025-09-30,62.6,67.1,68.4,94.2,9.0,4,2.0,71.5,Medio,Andrea Gómez,F,51.0,2024-12-18,1200.0,Remota,Activo,,Analista Financiero/a,Operativo,Finanzas,Santa Tecla,ENC0015,2026-06-02,Portal interno,El ambiente es aceptable; espero más oportunidades de capacitación.,neutral,True,3.0,3.0,3.0,3.0,4.0,1,1,Medio,Bajo,Activo
58,EMP015,2025-Q4,2025-12-31,77.0,76.3,74.3,100.0,9.0,14,1.0,80.75,Medio,Andrea Gómez,F,51.0,2024-12-18,1200.0,Remota,Activo,,Analista Financiero/a,Operativo,Finanzas,Santa Tecla,ENC0015,2026-06-02,Portal interno,El ambiente es aceptable; espero más oportunidades de capacitación.,neutral,True,3.0,3.0,3.0,3.0,4.0,1,1,Alto,Bajo,Activo
59,EMP015,2026-Q1,2026-03-31,74.7,80.7,62.3,96.6,13.0,1,3.0,77.48,Medio,Andrea Gómez,F,51.0,2024-12-18,1200.0,Remota,Activo,,Analista Financiero/a,Operativo,Finanzas,Santa Tecla,ENC0015,2026-06-02,Portal interno,El ambiente es aceptable; espero más oportunidades de capacitación.,neutral,True,3.0,3.0,3.0,3.0,4.0,1,2,Medio,Bajo,Activo
60,EMP015,2026-Q2,2026-06-30,70.3,63.1,64.9,95.9,11.0,5,2.0,72.27,Medio,Andrea Gómez,F,51.0,2024-12-18,1200.0,Remota,Activo,,Analista Financiero/a,Operativo,Finanzas,Santa Tecla,ENC0015,2026-06-02,Portal interno,El ambiente es aceptable; espero más oportunidades de capacitación.,neutral,True,3.0,3.0,3.0,3.0,4.0,1,1,Medio,Bajo,Activo
61,EMP016,2025-Q3,2025-09-30,89.8,87.9,91.6,96.7,7.0,4,3.0,91.16,Alto,Manuel Portillo,M,47.0,2021-09-26,1250.0,Remota,Activo,,Contador/a,Operativo,Finanzas,Santa Tecla,ENC0016,2026-06-07,Correo,El ambiente laboral facilita mi productividad y colaboración.,positivo,True,4.0,5.0,3.0,3.0,4.0,4,1,Alto,Bajo,Activo
62,EMP016,2025-Q4,2025-12-31,100.0,96.0,84.4,92.4,10.0,3,3.0,93.58,Alto,Manuel Portillo,M,47.0,2021-09-26,1250.0,Remota,Activo,,Contador/a,Operativo,Finanzas,Santa Tecla,ENC0016,2026-06-07,Correo,El ambiente laboral facilita mi productividad y colaboración.,positivo,True,4.0,5.0,3.0,3.0,4.0,4,1,Alto,Bajo,Activo
63,EMP016,2026-Q1,2026-03-31,84.6,92.6,87.0,96.8,11.0,7,1.0,89.64,Alto,Manuel Portillo,M,47.0,2021-09-26,1250.0,Remota,Activo,,Contador/a,Operativo,Finanzas,Santa Tecla,ENC0016,2026-06-07,Correo,El ambiente laboral facilita mi productividad y colaboración.,positivo,True,4.0,5.0,3.0,3.0,4.0,4,1,Alto,Bajo,Activo
64,EMP016,2026-Q2,2026-06-30,94.3,91.8,83.6,93.6,14.0,4,3.0,90.86,Alto,Manuel Portillo,M,47.0,2021-09-26,1250.0,Remota,Activo,,Contador/a,Operativo,Finanzas,Santa Tecla,ENC0016,2026-06-07,Correo,El ambiente laboral facilita mi productividad y colaboración.,positivo,True,4.0,5.0,3.0,3.0,4.0,4,2,Alto,Bajo,Activo
65,EMP017,2025-Q3,2025-09-30,71.1,79.0,77.7,92.4,16.0,4,3.0,78.98,Medio,Paola Rodríguez,F,52.0,2023-07-07,1550.0,Híbrida,Activo,,Supervisor/a de Operaciones,Jefatura,Operaciones,Santa Ana,ENC0017,2026-06-21,Portal interno,Me siento valorado por mi equipo y tengo claridad sobre mis objetivos.,positivo,True,5.0,4.0,5.0,5.0,5.0,3,2,Medio,Bajo,Activo
66,EMP017,2025-Q4,2025-12-31,71.7,75.1,77.4,93.7,5.0,12,3.0,78.38,Medio,Paola Rodríguez,F,52.0,2023-07-07,1550.0,Híbrida,Activo,,Supervisor/a de Operaciones,Jefatura,Operaciones,Santa Ana,ENC0017,2026-06-21,Portal interno,Me siento valorado por mi equipo y tengo claridad sobre mis objetivos.,positivo,True,5.0,4.0,5.0,5.0,5.0,3,1,Medio,Bajo,Activo
67,EMP017,2026-Q1,2026-03-31,72.2,74.7,77.5,97.4,13.0,8,1.0,79.19,Medio,Paola Rodríguez,F,52.0,2023-07-07,1550.0,Híbrida,Activo,,Supervisor/a de Operaciones,Jefatura,Operaciones,Santa Ana,ENC0017,2026-06-21,Portal interno,Me siento valorado por mi equipo y tengo claridad sobre mis objetivos.,positivo,True,5.0,4.0,5.0,5.0,5.0,3,2,Medio,Bajo,Activo
68,EMP017,2026-Q2,2026-06-30,78.7,90.8,78.3,96.3,7.0,5,3.0,85.15,Alto,Paola Rodríguez,F,52.0,2023-07-07,1550.0,Híbrida,Activo,,Supervisor/a de Operaciones,Jefatura,Operaciones,Santa Ana,ENC0017,2026-06-21,Portal interno,Me siento valorado por mi equipo y tengo claridad sobre mis objetivos.,positivo,True,5.0,4.0,5.0,5.0,5.0,3,1,Alto,Bajo,Activo
69,EMP018,2025-Q3,2025-09-30,79.9,78.5,74.7,93.4,9.0,11,4.0,80.95,Medio,Óscar Rivas,M,22.0,2017-03-21,1000.0,Híbrida,Activo,,Técnico/a de Operaciones,Operativo,Operaciones,Santa Ana,ENC0018,2026-06-14,Aplicación móvil,"El trabajo es estable, aunque sería útil mejorar la comunicación interna.",neutral,True,3.0,3.0,2.0,2.0,4.0,9,1,Alto,Medio,Activo
70,EMP018,2025-Q4,2025-12-31,73.0,81.6,71.5,94.4,10.0,0,3.0,79.06,Medio,Óscar Rivas,M,22.0,2017-03-21,1000.0,Híbrida,Activo,,Técnico/a de Operaciones,Operativo,Operaciones,Santa Ana,ENC0018,2026-06-14,Aplicación móvil,"El trabajo es estable, aunque sería útil mejorar la comunicación interna.",neutral,True,3.0,3.0,2.0,2.0,4.0,9,1,Medio,Bajo,Activo
71,EMP018,2026-Q1,2026-03-31,73.4,79.1,78.6,99.2,2.0,5,1.0,81.28,Medio,Óscar Rivas,M,22.0,2017-03-21,1000.0,Híbrida,Activo,,Técnico/a de Operaciones,Operativo,Operaciones,Santa Ana,ENC0018,2026-06-14,Aplicación móvil,"El trabajo es estable, aunque sería útil mejorar la comunicación interna.",neutral,True,3.0,3.0,2.0,2.0,4.0,9,0,Alto,Bajo,Activo
72,EMP018,2026-Q2,2026-06-30,77.9,81.7,72.9,98.4,14.0,8,2.0,81.7,Medio,Óscar Rivas,M,22.0,2017-03-21,1000.0,Híbrida,Activo,,Técnico/a de Operaciones,Operativo,Operaciones,Santa Ana,ENC0018,2026-06-14,Aplicación móvil,"El trabajo es estable, aunque sería útil mejorar la comunicación interna.",neutral,True,3.0,3.0,2.0,2.0,4.0,9,2,Alto,Bajo,Activo
73,EMP019,2025-Q3,2025-09-30,77.3,83.2,77.6,94.7,0.0,13,3.0,82.33,Medio,Tatiana Aguilar,F,55.0,2024-06-07,950.0,Remota,Renunció,2026-04-15,Ejecutivo/a de Ventas,Operativo,Comercial,San Salvador,ENC0019,2026-06-11,Aplicación móvil,La carga de trabajo es alta y siento poco reconocimiento.,negativo,True,2.0,1.0,2.0,3.0,1.0,2,0,Alto,Alto,Inactivo
74,EMP019,2025-Q4,2025-12-31,82.4,80.0,83.4,94.7,11.0,14,2.0,84.51,Medio,Tatiana Aguilar,F,55.0,2024-06-07,950.0,Remota,Renunció,2026-04-15,Ejecutivo/a de Ventas,Operativo,Comercial,San Salvador,ENC0019,2026-06-11,Aplicación móvil,La carga de trabajo es alta y siento poco reconocimiento.,negativo,True,2.0,1.0,2.0,3.0,1.0,2,1,Alto,Alto,Inactivo
75,EMP019,2026-Q1,2026-03-31,77.6,85.7,76.0,98.6,11.0,13,2.0,83.42,Medio,Tatiana Aguilar,F,55.0,2024-06-07,950.0,Remota,Renunció,2026-04-15,Ejecutivo/a de Ventas,Operativo,Comercial,San Salvador,ENC0019,2026-06-11,Aplicación móvil,La carga de trabajo es alta y siento poco reconocimiento.,negativo,True,2.0,1.0,2.0,3.0,1.0,2,1,Alto,Alto,Inactivo
76,EMP019,2026-Q2,2026-06-30,74.5,77.8,66.1,93.8,0.0,19,4.0,77.08,Medio,Tatiana Aguilar,F,55.0,2024-06-07,950.0,Remota,Renunció,2026-04-15,Ejecutivo/a de Ventas,Operativo,Comercial,San Salvador,ENC0019,2026-06-11,Aplicación móvil,La carga de trabajo es alta y siento poco reconocimiento.,negativo,True,2.0,1.0,2.0,3.0,1.0,2,0,Medio,Alto,Inactivo
77,EMP020,2025-Q3,2025-09-30,93.2,81.4,93.9,93.7,3.0,0,2.0,90.53,Alto,Samuel García,M,54.0,2024-07-18,1750.0,Presencial,Activo,,Coordinador/a Comercial,Jefatura,Comercial,San Salvador,ENC0020,2026-06-21,Portal interno,"Cumplo mis funciones, pero necesito mayor claridad en algunas prioridades.",neutral,True,3.0,2.0,3.0,2.0,3.0,2,0,Alto,Medio,Activo
78,EMP020,2025-Q4,2025-12-31,79.7,83.2,78.9,96.5,6.0,3,2.0,83.73,Medio,Samuel García,M,54.0,2024-07-18,1750.0,Presencial,Activo,,Coordinador/a Comercial,Jefatura,Comercial,San Salvador,ENC0020,2026-06-21,Portal interno,"Cumplo mis funciones, pero necesito mayor claridad en algunas prioridades.",neutral,True,3.0,2.0,3.0,2.0,3.0,2,1,Alto,Medio,Activo
79,EMP020,2026-Q1,2026-03-31,83.7,83.0,78.8,94.7,10.0,16,3.0,84.5,Medio,Samuel García,M,54.0,2024-07-18,1750.0,Presencial,Activo,,Coordinador/a Comercial,Jefatura,Comercial,San Salvador,ENC0020,2026-06-21,Portal interno,"Cumplo mis funciones, pero necesito mayor claridad en algunas prioridades.",neutral,True,3.0,2.0,3.0,2.0,3.0,2,1,Alto,Medio,Activo
80,EMP020,2026-Q2,2026-06-30,75.7,81.6,78.8,95.6,8.0,8,3.0,81.93,Medio,Samuel García,M,54.0,2024-07-18,1750.0,Presencial,Activo,,Coordinador/a Comercial,Jefatura,Comercial,San Salvador,ENC0020,2026-06-21,Portal interno,"Cumplo mis funciones, pero necesito mayor claridad en algunas prioridades.",neutral,True,3.0,2.0,3.0,2.0,3.0,2,1,Alto,Medio,Activo
81,EMP021,2025-Q3,2025-09-30,72.4,75.9,70.0,93.3,15.0,6,3.0,76.86,Medio,Elena Hernández,F,40.0,2022-08-26,1150.0,Híbrida,Activo,,Desarrollador/a de Software,Operativo,Tecnología,San Salvador,ENC0021,2026-06-12,Portal interno,"El trabajo es estable, aunque sería útil mejorar la comunicación interna.",neutral,True,3.0,2.0,3.0,2.0,3.0,3,2,Medio,Medio,Activo
82,EMP021,2025-Q4,2025-12-31,66.3,78.4,76.8,98.4,14.0,0,2.0,78.37,Medio,Elena Hernández,F,40.0,2022-08-26,1150.0,Híbrida,Activo,,Desarrollador/a de Software,Operativo,Tecnología,San Salvador,ENC0021,2026-06-12,Portal interno,"El trabajo es estable, aunque sería útil mejorar la comunicación interna.",neutral,True,3.0,2.0,3.0,2.0,3.0,3,2,Medio,Medio,Activo
83,EMP021,2026-Q1,2026-03-31,74.6,73.3,72.9,94.8,7.0,6,3.0,77.89,Medio,Elena Hernández,F,40.0,2022-08-26,1150.0,Híbrida,Activo,,Desarrollador/a de Software,Operativo,Tecnología,San Salvador,ENC0021,2026-06-12,Portal interno,"El trabajo es estable, aunque sería útil mejorar la comunicación interna.",neutral,True,3.0,2.0,3.0,2.0,3.0,3,1,Medio,Medio,Activo
84,EMP021,2026-Q2,2026-06-30,74.6,71.9,63.1,96.2,5.0,7,3.0,75.37,Medio,Elena Hernández,F,40.0,2022-08-26,1150.0,Híbrida,Activo,,Desarrollador/a de Software,Operativo,Tecnología,San Salvador,ENC0021,2026-06-12,Portal interno,"El trabajo es estable, aunque sería útil mejorar la comunicación interna.",neutral,True,3.0,2.0,3.0,2.0,3.0,3,1,Medio,Medio,Activo
85,EMP022,2025-Q3,2025-09-30,88.0,91.4,95.8,93.4,5.0,3,4.0,91.88,Alto,David Vásquez,M,54.0,2021-08-06,1400.0,Remota,Activo,,Analista de Datos,Operativo,Tecnología,San Salvador,ENC0022,2026-06-18,Portal interno,Tengo oportunidades de aprendizaje y deseo continuar en la organización.,positivo,True,4.0,5.0,5.0,3.0,4.0,5,1,Alto,Bajo,Activo
86,EMP022,2025-Q4,2025-12-31,82.3,91.2,87.3,95.0,8.0,0,3.0,88.31,Alto,David Vásquez,M,54.0,2021-08-06,1400.0,Remota,Activo,,Analista de Datos,Operativo,Tecnología,San Salvador,ENC0022,2026-06-18,Portal interno,Tengo oportunidades de aprendizaje y deseo continuar en la organización.,positivo,True,4.0,5.0,5.0,3.0,4.0,5,1,Alto,Bajo,Activo
87,EMP022,2026-Q1,2026-03-31,80.6,80.9,89.5,99.5,13.0,5,0.0,86.68,Alto,David Vásquez,M,54.0,2021-08-06,1400.0,Remota,Activo,,Analista de Datos,Operativo,Tecnología,San Salvador,ENC0022,2026-06-18,Portal interno,Tengo oportunidades de aprendizaje y deseo continuar en la organización.,positivo,True,4.0,5.0,5.0,3.0,4.0,5,2,Alto,Bajo,Activo
88,EMP022,2026-Q2,2026-06-30,80.4,83.6,78.5,95.8,6.0,8,2.0,83.8,Medio,David Vásquez,M,54.0,2021-08-06,1400.0,Remota,Activo,,Analista de Datos,Operativo,Tecnología,San Salvador,ENC0022,2026-06-18,Portal interno,Tengo oportunidades de aprendizaje y deseo continuar en la organización.,positivo,True,4.0,5.0,5.0,3.0,4.0,5,1,Alto,Bajo,Activo
89,EMP023,2025-Q3,2025-09-30,86.5,89.1,89.7,94.1,13.0,9,3.0,89.47,Alto,Lucía Jiménez,F,52.0,2018-11-09,1050.0,Híbrida,Activo,,Analista de Recursos Humanos,Operativo,Recursos Humanos,San Salvador,ENC0023,2026-06-19,Portal interno,Me siento valorado por mi equipo y tengo claridad sobre mis objetivos.,positivo,True,5.0,4.0,5.0,3.0,5.0,7,2,Alto,Bajo,Activo
90,EMP023,2025-Q4,2025-12-31,82.1,95.4,88.7,99.1,6.0,3,2.0,90.47,Alto,Lucía Jiménez,F,52.0,2018-11-09,1050.0,Híbrida,Activo,,Analista de Recursos Humanos,Operativo,Recursos Humanos,San Salvador,ENC0023,2026-06-19,Portal interno,Me siento valorado por mi equipo y tengo claridad sobre mis objetivos.,positivo,True,5.0,4.0,5.0,3.0,5.0,7,1,Alto,Bajo,Activo
91,EMP023,2026-Q1,2026-03-31,93.7,96.9,93.7,97.3,7.0,0,2.0,95.22,Alto,Lucía Jiménez,F,52.0,2018-11-09,1050.0,Híbrida,Activo,,Analista de Recursos Humanos,Operativo,Recursos Humanos,San Salvador,ENC0023,2026-06-19,Portal interno,Me siento valorado por mi equipo y tengo claridad sobre mis objetivos.,positivo,True,5.0,4.0,5.0,3.0,5.0,7,1,Alto,Bajo,Activo
92,EMP023,2026-Q2,2026-06-30,89.0,96.1,82.9,99.2,9.0,10,1.0,91.29,Alto,Lucía Jiménez,F,52.0,2018-11-09,1050.0,Híbrida,Activo,,Analista de Recursos Humanos,Operativo,Recursos Humanos,San Salvador,ENC0023,2026-06-19,Portal interno,Me siento valorado por mi equipo y tengo claridad sobre mis objetivos.,positivo,True,5.0,4.0,5.0,3.0,5.0,7,1,Alto,Bajo,Activo
93,EMP024,2025-Q3,2025-09-30,80.5,83.3,69.0,93.9,8.0,3,4.0,81.0,Medio,Roberto Castro,M,28.0,2020-12-28,1800.0,Presencial,Activo,,Jefe/a de Recursos Humanos,Jefatura,Recursos Humanos,San Salvador,ENC0024,2026-06-12,Portal interno,La comunicación con mi jefatura es buena y recibo reconocimiento.,positivo,True,4.0,4.0,5.0,4.0,4.0,5,1,Alto,Bajo,Activo
94,EMP024,2025-Q4,2025-12-31,84.5,88.6,80.9,91.6,7.0,16,4.0,86.04,Alto,Roberto Castro,M,28.0,2020-12-28,1800.0,Presencial,Activo,,Jefe/a de Recursos Humanos,Jefatura,Recursos Humanos,San Salvador,ENC0024,2026-06-12,Portal interno,La comunicación con mi jefatura es buena y recibo reconocimiento.,positivo,True,4.0,4.0,5.0,4.0,4.0,5,1,Alto,Bajo,Activo
95,EMP024,2026-Q1,2026-03-31,79.4,86.9,80.1,95.3,9.0,8,3.0,84.63,Medio,Roberto Castro,M,28.0,2020-12-28,1800.0,Presencial,Activo,,Jefe/a de Recursos Humanos,Jefatura,Recursos Humanos,San Salvador,ENC0024,2026-06-12,Portal interno,La comunicación con mi jefatura es buena y recibo reconocimiento.,positivo,True,4.0,4.0,5.0,4.0,4.0,5,1,Alto,Bajo,Activo
96,EMP024,2026-Q2,2026-06-30,77.0,83.4,84.1,98.7,15.0,0,2.0,84.72,Medio,Roberto Castro,M,28.0,2020-12-28,1800.0,Presencial,Activo,,Jefe/a de Recursos Humanos,Jefatura,Recursos Humanos,San Salvador,ENC0024,2026-06-12,Portal interno,La comunicación con mi jefatura es buena y recibo reconocimiento.,positivo,True,4.0,4.0,5.0,4.0,4.0,5,2,Alto,Bajo,Activo
97,EMP025,2025-Q3,2025-09-30,81.9,79.5,76.9,96.9,7.0,11,1.0,83.05,Medio,Mónica Méndez,F,50.0,2017-02-01,1250.0,Remota,Activo,,Analista Financiero/a,Operativo,Finanzas,Santa Tecla,ENC0025,2026-06-07,Aplicación móvil,El ambiente laboral facilita mi productividad y colaboración.,positivo,True,4.0,4.0,3.0,3.0,4.0,9,1,Alto,Bajo,Activo
98,EMP025,2025-Q4,2025-12-31,80.1,85.4,86.7,94.8,12.0,6,3.0,86.01,Alto,Mónica Méndez,F,50.0,2017-02-01,1250.0,Remota,Activo,,Analista Financiero/a,Operativo,Finanzas,Santa Tecla,ENC0025,2026-06-07,Aplicación móvil,El ambiente laboral facilita mi productividad y colaboración.,positivo,True,4.0,4.0,3.0,3.0,4.0,9,2,Alto,Bajo,Activo
99,EMP025,2026-Q1,2026-03-31,88.2,79.2,85.5,95.9,12.0,13,2.0,86.82,Alto,Mónica Méndez,F,50.0,2017-02-01,1250.0,Remota,Activo,,Analista Financiero/a,Operativo,Finanzas,Santa Tecla,ENC0025,2026-06-07,Aplicación móvil,El ambiente laboral facilita mi productividad y colaboración.,positivo,True,4.0,4.0,3.0,3.0,4.0,9,2,Alto,Bajo,Activo
100,EMP025,2026-Q2,2026-06-30,89.6,92.1,81.9,98.8,11.0,7,1.0,90.14,Alto,Mónica Méndez,F,50.0,2017-02-01,1250.0,Remota,Activo,,Analista Financiero/a,Operativo,Finanzas,Santa Tecla,ENC0025,2026-06-07,Aplicación móvil,El ambiente laboral facilita mi productividad y colaboración.,positivo,True,4.0,4.0,3.0,3.0,4.0,9,1,Alto,Bajo,Activo
101,EMP026,2025-Q3,2025-09-30,75.8,84.6,86.2,97.5,9.0,7,3.0,84.94,Medio,Antonio Sánchez,M,56.0,2018-10-26,1050.0,Presencial,Activo,,Contador/a,Operativo,Finanzas,Santa Tecla,ENC0026,2026-06-12,Aplicación móvil,Me siento valorado por mi equipo y tengo claridad sobre mis objetivos.,positivo,True,5.0,5.0,4.0,3.0,5.0,7,1,Alto,Bajo,Activo
102,EMP026,2025-Q4,2025-12-31,83.8,88.0,82.7,96.4,15.0,13,3.0,87.09,Alto,Antonio Sánchez,M,56.0,2018-10-26,1050.0,Presencial,Activo,,Contador/a,Operativo,Finanzas,Santa Tecla,ENC0026,2026-06-12,Aplicación móvil,Me siento valorado por mi equipo y tengo claridad sobre mis objetivos.,positivo,True,5.0,5.0,4.0,3.0,5.0,7,2,Alto,Bajo,Activo
103,EMP026,2026-Q1,2026-03-31,85.3,81.9,83.0,97.1,9.0,12,3.0,86.23,Alto,Antonio Sánchez,M,56.0,2018-10-26,1050.0,Presencial,Activo,,Contador/a,Operativo,Finanzas,Santa Tecla,ENC0026,2026-06-12,Aplicación móvil,Me siento valorado por mi equipo y tengo claridad sobre mis objetivos.,positivo,True,5.0,5.0,4.0,3.0,5.0,7,1,Alto,Bajo,Activo
104,EMP026,2026-Q2,2026-06-30,83.4,79.4,86.0,94.6,10.0,8,3.0,85.29,Alto,Antonio Sánchez,M,56.0,2018-10-26,1050.0,Presencial,Activo,,Contador/a,Operativo,Finanzas,Santa Tecla,ENC0026,2026-06-12,Aplicación móvil,Me siento valorado por mi equipo y tengo claridad sobre mis objetivos.,positivo,True,5.0,5.0,4.0,3.0,5.0,7,1,Alto,Bajo,Activo
105,EMP027,2025-Q3,2025-09-30,65.6,72.1,67.6,96.7,7.0,12,2.0,73.94,Medio,Karla López,F,29.0,2017-09-09,1700.0,Remota,Renunció,2026-03-05,Supervisor/a de Operaciones,Jefatura,Operaciones,Santa Ana,ENC0027,2026-06-22,Portal interno,La comunicación con mi jefatura ha afectado mi motivación.,negativo,True,1.0,2.0,2.0,3.0,2.0,8,1,Medio,Alto,Inactivo
106,EMP027,2025-Q4,2025-12-31,64.8,73.5,63.5,95.2,6.0,11,2.0,72.73,Medio,Karla López,F,29.0,2017-09-09,1700.0,Remota,Renunció,2026-03-05,Supervisor/a de Operaciones,Jefatura,Operaciones,Santa Ana,ENC0027,2026-06-22,Portal interno,La comunicación con mi jefatura ha afectado mi motivación.,negativo,True,1.0,2.0,2.0,3.0,2.0,8,1,Medio,Alto,Inactivo
107,EMP027,2026-Q1,2026-03-31,57.3,62.9,58.9,90.4,7.0,13,5.0,65.72,Bajo,Karla López,F,29.0,2017-09-09,1700.0,Remota,Renunció,2026-03-05,Supervisor/a de Operaciones,Jefatura,Operaciones,Santa Ana,ENC0027,2026-06-22,Portal interno,La comunicación con mi jefatura ha afectado mi motivación.,negativo,True,1.0,2.0,2.0,3.0,2.0,8,1,Medio,Alto,Inactivo
108,EMP027,2026-Q2,2026-06-30,62.3,65.2,59.9,92.4,5.0,16,4.0,68.44,Bajo,Karla López,F,29.0,2017-09-09,1700.0,Remota,Renunció,2026-03-05,Supervisor/a de Operaciones,Jefatura,Operaciones,Santa Ana,ENC0027,2026-06-22,Portal interno,La comunicación con mi jefatura ha afectado mi motivación.,negativo,True,1.0,2.0,2.0,3.0,2.0,8,1,Medio,Alto,Inactivo
109,EMP028,2025-Q3,2025-09-30,83.7,81.2,85.0,97.2,14.0,8,2.0,86.1,Alto,Eduardo Ramírez,M,22.0,2022-11-19,1000.0,Híbrida,Activo,,Técnico/a de Operaciones,Operativo,Operaciones,Santa Ana,ENC0028,2026-06-21,Correo,Me siento valorado por mi equipo y tengo claridad sobre mis objetivos.,positivo,True,5.0,4.0,4.0,4.0,5.0,3,2,Alto,Bajo,Activo
110,EMP028,2025-Q4,2025-12-31,78.3,91.3,83.4,98.8,10.0,0,1.0,86.92,Alto,Eduardo Ramírez,M,22.0,2022-11-19,1000.0,Híbrida,Activo,,Técnico/a de Operaciones,Operativo,Operaciones,Santa Ana,ENC0028,2026-06-21,Correo,Me siento valorado por mi equipo y tengo claridad sobre mis objetivos.,positivo,True,5.0,4.0,4.0,4.0,5.0,3,1,Alto,Bajo,Activo
111,EMP028,2026-Q1,2026-03-31,79.2,89.0,84.5,100.0,9.0,18,1.0,87.14,Alto,Eduardo Ramírez,M,22.0,2022-11-19,1000.0,Híbrida,Activo,,Técnico/a de Operaciones,Operativo,Operaciones,Santa Ana,ENC0028,2026-06-21,Correo,Me siento valorado por mi equipo y tengo claridad sobre mis objetivos.,positivo,True,5.0,4.0,4.0,4.0,5.0,3,1,Alto,Bajo,Activo
112,EMP028,2026-Q2,2026-06-30,82.9,81.2,86.4,95.4,6.0,13,3.0,85.85,Alto,Eduardo Ramírez,M,22.0,2022-11-19,1000.0,Híbrida,Activo,,Técnico/a de Operaciones,Operativo,Operaciones,Santa Ana,ENC0028,2026-06-21,Correo,Me siento valorado por mi equipo y tengo claridad sobre mis objetivos.,positivo,True,5.0,4.0,4.0,4.0,5.0,3,1,Alto,Bajo,Activo
113,EMP029,2025-Q3,2025-09-30,92.0,92.8,90.6,94.8,7.0,1,3.0,92.41,Alto,Natalia Flores,F,30.0,2025-04-16,1050.0,Presencial,Activo,,Ejecutivo/a de Ventas,Operativo,Comercial,San Salvador,ENC0029,2026-06-13,Portal interno,El ambiente laboral facilita mi productividad y colaboración.,positivo,True,4.0,5.0,4.0,4.0,5.0,1,1,Alto,Bajo,Activo
114,EMP029,2025-Q4,2025-12-31,89.7,88.6,84.1,92.1,9.0,6,3.0,88.51,Alto,Natalia Flores,F,30.0,2025-04-16,1050.0,Presencial,Activo,,Ejecutivo/a de Ventas,Operativo,Comercial,San Salvador,ENC0029,2026-06-13,Portal interno,El ambiente laboral facilita mi productividad y colaboración.,positivo,True,4.0,5.0,4.0,4.0,5.0,1,1,Alto,Bajo,Activo
115,EMP029,2026-Q1,2026-03-31,77.6,82.1,79.0,100.0,10.0,5,1.0,83.55,Medio,Natalia Flores,F,30.0,2025-04-16,1050.0,Presencial,Activo,,Ejecutivo/a de Ventas,Operativo,Comercial,San Salvador,ENC0029,2026-06-13,Portal interno,El ambiente laboral facilita mi productividad y colaboración.,positivo,True,4.0,5.0,4.0,4.0,5.0,1,1,Alto,Bajo,Activo
116,EMP029,2026-Q2,2026-06-30,79.4,94.2,88.6,95.2,9.0,9,2.0,88.56,Alto,Natalia Flores,F,30.0,2025-04-16,1050.0,Presencial,Activo,,Ejecutivo/a de Ventas,Operativo,Comercial,San Salvador,ENC0029,2026-06-13,Portal interno,El ambiente laboral facilita mi productividad y colaboración.,positivo,True,4.0,5.0,4.0,4.0,5.0,1,1,Alto,Bajo,Activo
117,EMP030,2025-Q3,2025-09-30,76.8,71.9,76.8,98.7,3.0,6,1.0,79.96,Medio,Francisco Mejía,M,54.0,2021-02-14,1750.0,Presencial,Activo,,Coordinador/a Comercial,Jefatura,Comercial,San Salvador,ENC0030,2026-06-13,Correo,"Cumplo mis funciones, pero necesito mayor claridad en algunas prioridades.",neutral,True,4.0,4.0,3.0,2.0,3.0,5,0,Medio,Bajo,Activo
118,EMP030,2025-Q4,2025-12-31,68.0,66.8,64.1,94.3,15.0,12,4.0,71.98,Medio,Francisco Mejía,M,54.0,2021-02-14,1750.0,Presencial,Activo,,Coordinador/a Comercial,Jefatura,Comercial,San Salvador,ENC0030,2026-06-13,Correo,"Cumplo mis funciones, pero necesito mayor claridad en algunas prioridades.",neutral,True,4.0,4.0,3.0,2.0,3.0,5,2,Medio,Medio,Activo
119,EMP030,2026-Q1,2026-03-31,71.6,69.2,79.9,100.0,8.0,7,2.0,78.75,Medio,Francisco Mejía,M,54.0,2021-02-14,1750.0,Presencial,Activo,,Coordinador/a Comercial,Jefatura,Comercial,San Salvador,ENC0030,2026-06-13,Correo,"Cumplo mis funciones, pero necesito mayor claridad en algunas prioridades.",neutral,True,4.0,4.0,3.0,2.0,3.0,5,1,Medio,Bajo,Activo
120,EMP030,2026-Q2,2026-06-30,64.8,72.4,62.9,92.5,9.0,9,3.0,71.77,Medio,Francisco Mejía,M,54.0,2021-02-14,1750.0,Presencial,Activo,,Coordinador/a Comercial,Jefatura,Comercial,San Salvador,ENC0030,2026-06-13,Correo,"Cumplo mis funciones, pero necesito mayor claridad en algunas prioridades.",neutral,True,4.0,4.0,3.0,2.0,3.0,5,1,Medio,Bajo,Activo
121,EMP031,2025-Q3,2025-09-30,69.0,72.7,84.6,97.5,5.0,10,2.0,79.53,Medio,Claudia Morales,F,30.0,2021-09-14,1300.0,Presencial,Activo,,Desarrollador/a de Software,Operativo,Tecnología,San Salvador,ENC0031,2026-06-12,Aplicación móvil,El ambiente laboral facilita mi productividad y colaboración.,positivo,True,4.0,5.0,4.0,3.0,5.0,4,1,Medio,Bajo,Activo
122,EMP031,2025-Q4,2025-12-31,74.7,73.4,74.5,91.8,6.0,9,4.0,77.75,Medio,Claudia Morales,F,30.0,2021-09-14,1300.0,Presencial,Activo,,Desarrollador/a de Software,Operativo,Tecnología,San Salvador,ENC0031,2026-06-12,Aplicación móvil,El ambiente laboral facilita mi productividad y colaboración.,positivo,True,4.0,5.0,4.0,3.0,5.0,4,1,Medio,Bajo,Activo
123,EMP031,2026-Q1,2026-03-31,75.0,76.8,81.0,99.4,7.0,17,1.0,81.83,Medio,Claudia Morales,F,30.0,2021-09-14,1300.0,Presencial,Activo,,Desarrollador/a de Software,Operativo,Tecnología,San Salvador,ENC0031,2026-06-12,Aplicación móvil,El ambiente laboral facilita mi productividad y colaboración.,positivo,True,4.0,5.0,4.0,3.0,5.0,4,1,Alto,Bajo,Activo
124,EMP031,2026-Q2,2026-06-30,79.5,79.9,89.4,98.9,5.0,13,1.0,85.96,Alto,Claudia Morales,F,30.0,2021-09-14,1300.0,Presencial,Activo,,Desarrollador/a de Software,Operativo,Tecnología,San Salvador,ENC0031,2026-06-12,Aplicación móvil,El ambiente laboral facilita mi productividad y colaboración.,positivo,True,4.0,5.0,4.0,3.0,5.0,4,1,Alto,Bajo,Activo
125,EMP032,2025-Q3,2025-09-30,73.9,79.7,64.3,94.2,12.0,9,3.0,77.01,Medio,Alexander Pérez,M,55.0,2020-07-01,1250.0,Híbrida,Activo,,Analista de Datos,Operativo,Tecnología,San Salvador,ENC0032,2026-06-09,Correo,La carga de trabajo cambia mucho entre semanas.,neutral,True,3.0,4.0,3.0,2.0,4.0,6,2,Medio,Bajo,Activo
126,EMP032,2025-Q4,2025-12-31,78.5,77.0,81.0,99.1,7.0,2,1.0,82.87,Medio,Alexander Pérez,M,55.0,2020-07-01,1250.0,Híbrida,Activo,,Analista de Datos,Operativo,Tecnología,San Salvador,ENC0032,2026-06-09,Correo,La carga de trabajo cambia mucho entre semanas.,neutral,True,3.0,4.0,3.0,2.0,4.0,6,1,Alto,Bajo,Activo
127,EMP032,2026-Q1,2026-03-31,73.3,79.0,76.1,97.7,14.0,10,1.0,80.3,Medio,Alexander Pérez,M,55.0,2020-07-01,1250.0,Híbrida,Activo,,Analista de Datos,Operativo,Tecnología,San Salvador,ENC0032,2026-06-09,Correo,La carga de trabajo cambia mucho entre semanas.,neutral,True,3.0,4.0,3.0,2.0,4.0,6,2,Alto,Bajo,Activo
128,EMP032,2026-Q2,2026-06-30,76.1,69.5,79.0,96.4,11.0,4,2.0,79.23,Medio,Alexander Pérez,M,55.0,2020-07-01,1250.0,Híbrida,Activo,,Analista de Datos,Operativo,Tecnología,San Salvador,ENC0032,2026-06-09,Correo,La carga de trabajo cambia mucho entre semanas.,neutral,True,3.0,4.0,3.0,2.0,4.0,6,1,Medio,Bajo,Activo
129,EMP033,2025-Q3,2025-09-30,89.5,92.9,95.3,92.5,8.0,4,3.0,92.4,Alto,Patricia Reyes,F,26.0,2017-06-21,1000.0,Presencial,Activo,,Analista de Recursos Humanos,Operativo,Recursos Humanos,San Salvador,ENC0033,2026-06-13,Correo,La comunicación con mi jefatura es buena y recibo reconocimiento.,positivo,True,4.0,4.0,3.0,5.0,5.0,9,1,Alto,Bajo,Activo
130,EMP033,2025-Q4,2025-12-31,90.7,90.0,87.5,98.2,15.0,6,2.0,91.23,Alto,Patricia Reyes,F,26.0,2017-06-21,1000.0,Presencial,Activo,,Analista de Recursos Humanos,Operativo,Recursos Humanos,San Salvador,ENC0033,2026-06-13,Correo,La comunicación con mi jefatura es buena y recibo reconocimiento.,positivo,True,4.0,4.0,3.0,5.0,5.0,9,2,Alto,Bajo,Activo
131,EMP033,2026-Q1,2026-03-31,83.9,92.0,88.9,92.9,10.0,7,4.0,88.98,Alto,Patricia Reyes,F,26.0,2017-06-21,1000.0,Presencial,Activo,,Analista de Recursos Humanos,Operativo,Recursos Humanos,San Salvador,ENC0033,2026-06-13,Correo,La comunicación con mi jefatura es buena y recibo reconocimiento.,positivo,True,4.0,4.0,3.0,5.0,5.0,9,1,Alto,Bajo,Activo
132,EMP033,2026-Q2,2026-06-30,93.6,89.9,89.7,96.6,5.0,6,2.0,92.3,Alto,Patricia Reyes,F,26.0,2017-06-21,1000.0,Presencial,Activo,,Analista de Recursos Humanos,Operativo,Recursos Humanos,San Salvador,ENC0033,2026-06-13,Correo,La comunicación con mi jefatura es buena y recibo reconocimiento.,positivo,True,4.0,4.0,3.0,5.0,5.0,9,1,Alto,Bajo,Activo
133,EMP034,2025-Q3,2025-09-30,91.7,96.7,86.4,93.2,9.0,9,3.0,91.92,Alto,Enrique Martínez,M,23.0,2025-08-11,1900.0,Híbrida,Renunció,2026-04-11,Jefe/a de Recursos Humanos,Jefatura,Recursos Humanos,San Salvador,ENC0034,2026-06-09,Aplicación móvil,La comunicación con mi jefatura ha afectado mi motivación.,negativo,True,2.0,2.0,1.0,1.0,2.0,0,1,Alto,Alto,Inactivo
134,EMP034,2025-Q4,2025-12-31,82.8,86.4,79.7,95.9,5.0,18,2.0,85.55,Alto,Enrique Martínez,M,23.0,2025-08-11,1900.0,Híbrida,Renunció,2026-04-11,Jefe/a de Recursos Humanos,Jefatura,Recursos Humanos,San Salvador,ENC0034,2026-06-09,Aplicación móvil,La comunicación con mi jefatura ha afectado mi motivación.,negativo,True,2.0,2.0,1.0,1.0,2.0,0,1,Alto,Alto,Inactivo
135,EMP034,2026-Q1,2026-03-31,73.2,89.6,83.8,93.4,5.0,10,3.0,83.99,Medio,Enrique Martínez,M,23.0,2025-08-11,1900.0,Híbrida,Renunció,2026-04-11,Jefe/a de Recursos Humanos,Jefatura,Recursos Humanos,San Salvador,ENC0034,2026-06-09,Aplicación móvil,La comunicación con mi jefatura ha afectado mi motivación.,negativo,True,2.0,2.0,1.0,1.0,2.0,0,1,Alto,Alto,Inactivo
136,EMP034,2026-Q2,2026-06-30,71.6,75.9,74.0,90.3,3.0,7,5.0,77.02,Medio,Enrique Martínez,M,23.0,2025-08-11,1900.0,Híbrida,Renunció,2026-04-11,Jefe/a de Recursos Humanos,Jefatura,Recursos Humanos,San Salvador,ENC0034,2026-06-09,Aplicación móvil,La comunicación con mi jefatura ha afectado mi motivación.,negativo,True,2.0,2.0,1.0,1.0,2.0,0,0,Medio,Alto,Inactivo
137,EMP035,2025-Q3,2025-09-30,84.7,90.9,84.2,96.3,13.0,7,3.0,88.45,Alto,Verónica Gómez,F,29.0,2024-08-19,1300.0,Presencial,Activo,,Analista Financiero/a,Operativo,Finanzas,Santa Tecla,ENC0035,2026-06-01,Aplicación móvil,La comunicación con mi jefatura es buena y recibo reconocimiento.,positivo,True,5.0,5.0,3.0,3.0,5.0,1,2,Alto,Bajo,Activo
138,EMP035,2025-Q4,2025-12-31,95.3,90.4,80.7,95.1,17.0,0,2.0,90.38,Alto,Verónica Gómez,F,29.0,2024-08-19,1300.0,Presencial,Activo,,Analista Financiero/a,Operativo,Finanzas,Santa Tecla,ENC0035,2026-06-01,Aplicación móvil,La comunicación con mi jefatura es buena y recibo reconocimiento.,positivo,True,5.0,5.0,3.0,3.0,5.0,1,2,Alto,Bajo,Activo
139,EMP035,2026-Q1,2026-03-31,85.0,85.4,82.9,97.3,5.0,10,2.0,87.03,Alto,Verónica Gómez,F,29.0,2024-08-19,1300.0,Presencial,Activo,,Analista Financiero/a,Operativo,Finanzas,Santa Tecla,ENC0035,2026-06-01,Aplicación móvil,La comunicación con mi jefatura es buena y recibo reconocimiento.,positivo,True,5.0,5.0,3.0,3.0,5.0,1,1,Alto,Bajo,Activo
140,EMP035,2026-Q2,2026-06-30,78.8,92.6,88.5,93.0,9.0,0,4.0,87.51,Alto,Verónica Gómez,F,29.0,2024-08-19,1300.0,Presencial,Activo,,Analista Financiero/a,Operativo,Finanzas,Santa Tecla,ENC0035,2026-06-01,Aplicación móvil,La comunicación con mi jefatura es buena y recibo reconocimiento.,positivo,True,5.0,5.0,3.0,3.0,5.0,1,1,Alto,Bajo,Activo
141,EMP036,2025-Q3,2025-09-30,83.4,92.9,84.2,93.4,11.0,3,2.0,87.98,Alto,Héctor Portillo,M,31.0,2025-04-14,1200.0,Híbrida,Activo,,Contador/a,Operativo,Finanzas,Santa Tecla,ENC0036,2026-06-16,Aplicación móvil,Me siento valorado por mi equipo y tengo claridad sobre mis objetivos.,positivo,True,5.0,4.0,3.0,4.0,5.0,1,1,Alto,Bajo,Activo
142,EMP036,2025-Q4,2025-12-31,80.8,81.0,76.4,95.7,10.0,0,3.0,82.73,Medio,Héctor Portillo,M,31.0,2025-04-14,1200.0,Híbrida,Activo,,Contador/a,Operativo,Finanzas,Santa Tecla,ENC0036,2026-06-16,Aplicación móvil,Me siento valorado por mi equipo y tengo claridad sobre mis objetivos.,positivo,True,5.0,4.0,3.0,4.0,5.0,1,1,Alto,Bajo,Activo
143,EMP036,2026-Q1,2026-03-31,83.6,84.0,80.1,100.0,11.0,4,0.0,86.1,Alto,Héctor Portillo,M,31.0,2025-04-14,1200.0,Híbrida,Activo,,Contador/a,Operativo,Finanzas,Santa Tecla,ENC0036,2026-06-16,Aplicación móvil,Me siento valorado por mi equipo y tengo claridad sobre mis objetivos.,positivo,True,5.0,4.0,3.0,4.0,5.0,1,1,Alto,Bajo,Activo
144,EMP036,2026-Q2,2026-06-30,78.6,91.2,71.2,95.6,13.0,9,3.0,83.3,Medio,Héctor Portillo,M,31.0,2025-04-14,1200.0,Híbrida,Activo,,Contador/a,Operativo,Finanzas,Santa Tecla,ENC0036,2026-06-16,Aplicación móvil,Me siento valorado por mi equipo y tengo claridad sobre mis objetivos.,positivo,True,5.0,4.0,3.0,4.0,5.0,1,2,Alto,Bajo,Activo
145,EMP037,2025-Q3,2025-09-30,86.2,86.4,78.5,99.1,7.0,7,2.0,86.91,Alto,Alejandra Rodríguez,F,51.0,2020-11-23,1450.0,Remota,Activo,,Supervisor/a de Operaciones,Jefatura,Operaciones,Santa Ana,ENC0037,2026-06-18,Portal interno,Tengo oportunidades de aprendizaje y deseo continuar en la organización.,positivo,True,5.0,5.0,4.0,3.0,5.0,5,1,Alto,Bajo,Activo
146,EMP037,2025-Q4,2025-12-31,80.9,83.5,84.3,99.8,8.0,14,2.0,86.18,Alto,Alejandra Rodríguez,F,51.0,2020-11-23,1450.0,Remota,Activo,,Supervisor/a de Operaciones,Jefatura,Operaciones,Santa Ana,ENC0037,2026-06-18,Portal interno,Tengo oportunidades de aprendizaje y deseo continuar en la organización.,positivo,True,5.0,5.0,4.0,3.0,5.0,5,1,Alto,Bajo,Activo
147,EMP037,2026-Q1,2026-03-31,88.3,80.8,78.5,100.0,9.0,0,0.0,86.31,Alto,Alejandra Rodríguez,F,51.0,2020-11-23,1450.0,Remota,Activo,,Supervisor/a de Operaciones,Jefatura,Operaciones,Santa Ana,ENC0037,2026-06-18,Portal interno,Tengo oportunidades de aprendizaje y deseo continuar en la organización.,positivo,True,5.0,5.0,4.0,3.0,5.0,5,1,Alto,Bajo,Activo
148,EMP037,2026-Q2,2026-06-30,87.0,88.9,78.6,97.1,14.0,5,2.0,87.39,Alto,Alejandra Rodríguez,F,51.0,2020-11-23,1450.0,Remota,Activo,,Supervisor/a de Operaciones,Jefatura,Operaciones,Santa Ana,ENC0037,2026-06-18,Portal interno,Tengo oportunidades de aprendizaje y deseo continuar en la organización.,positivo,True,5.0,5.0,4.0,3.0,5.0,5,2,Alto,Bajo,Activo
149,EMP038,2025-Q3,2025-09-30,85.6,87.8,96.6,93.0,12.0,8,3.0,90.38,Alto,Mauricio Rivas,M,47.0,2017-04-21,850.0,Presencial,Activo,,Técnico/a de Operaciones,Operativo,Operaciones,Santa Ana,ENC0038,2026-06-06,Portal interno,El ambiente laboral facilita mi productividad y colaboración.,positivo,True,5.0,4.0,3.0,5.0,4.0,9,2,Alto,Bajo,Activo
150,EMP038,2025-Q4,2025-12-31,75.2,85.3,78.7,94.4,9.0,4,3.0,82.44,Medio,Mauricio Rivas,M,47.0,2017-04-21,850.0,Presencial,Activo,,Técnico/a de Operaciones,Operativo,Operaciones,Santa Ana,ENC0038,2026-06-06,Portal interno,El ambiente laboral facilita mi productividad y colaboración.,positivo,True,5.0,4.0,3.0,5.0,4.0,9,1,Alto,Bajo,Activo
151,EMP038,2026-Q1,2026-03-31,72.4,86.1,87.1,95.8,10.0,11,3.0,84.18,Medio,Mauricio Rivas,M,47.0,2017-04-21,850.0,Presencial,Activo,,Técnico/a de Operaciones,Operativo,Operaciones,Santa Ana,ENC0038,2026-06-06,Portal interno,El ambiente laboral facilita mi productividad y colaboración.,positivo,True,5.0,4.0,3.0,5.0,4.0,9,1,Alto,Bajo,Activo
152,EMP038,2026-Q2,2026-06-30,80.3,88.5,85.3,91.8,13.0,6,3.0,85.9,Alto,Mauricio Rivas,M,47.0,2017-04-21,850.0,Presencial,Activo,,Técnico/a de Operaciones,Operativo,Operaciones,Santa Ana,ENC0038,2026-06-06,Portal interno,El ambiente laboral facilita mi productividad y colaboración.,positivo,True,5.0,4.0,3.0,5.0,4.0,9,2,Alto,Bajo,Activo
153,EMP039,2025-Q3,2025-09-30,68.0,75.2,72.8,96.6,5.0,15,1.0,76.72,Medio,Rosa Aguilar,F,56.0,2017-08-28,1100.0,Presencial,Renunció,2026-04-23,Ejecutivo/a de Ventas,Operativo,Comercial,San Salvador,ENC0039,2026-06-24,Correo,No tengo claridad sobre mis posibilidades de crecimiento.,negativo,True,1.0,3.0,2.0,2.0,2.0,8,1,Medio,Alto,Inactivo
154,EMP039,2025-Q4,2025-12-31,67.2,69.9,68.9,99.3,4.0,16,2.0,74.72,Medio,Rosa Aguilar,F,56.0,2017-08-28,1100.0,Presencial,Renunció,2026-04-23,Ejecutivo/a de Ventas,Operativo,Comercial,San Salvador,ENC0039,2026-06-24,Correo,No tengo claridad sobre mis posibilidades de crecimiento.,negativo,True,1.0,3.0,2.0,2.0,2.0,8,0,Medio,Alto,Inactivo
155,EMP039,2026-Q1,2026-03-31,71.0,65.6,56.7,93.3,1.0,18,3.0,70.53,Medio,Rosa Aguilar,F,56.0,2017-08-28,1100.0,Presencial,Renunció,2026-04-23,Ejecutivo/a de Ventas,Operativo,Comercial,San Salvador,ENC0039,2026-06-24,Correo,No tengo claridad sobre mis posibilidades de crecimiento.,negativo,True,1.0,3.0,2.0,2.0,2.0,8,0,Medio,Alto,Inactivo
156,EMP039,2026-Q2,2026-06-30,67.1,66.9,60.3,93.4,3.0,11,2.0,70.61,Medio,Rosa Aguilar,F,56.0,2017-08-28,1100.0,Presencial,Renunció,2026-04-23,Ejecutivo/a de Ventas,Operativo,Comercial,San Salvador,ENC0039,2026-06-24,Correo,No tengo claridad sobre mis posibilidades de crecimiento.,negativo,True,1.0,3.0,2.0,2.0,2.0,8,0,Medio,Alto,Inactivo
157,EMP040,2025-Q3,2025-09-30,90.6,89.5,78.0,96.0,4.0,3,2.0,88.25,Alto,Cristian García,M,23.0,2019-11-17,1550.0,Remota,Activo,,Coordinador/a Comercial,Jefatura,Comercial,San Salvador,ENC0040,2026-06-14,Correo,El ambiente laboral facilita mi productividad y colaboración.,positivo,True,5.0,4.0,3.0,3.0,4.0,6,0,Alto,Bajo,Activo
158,EMP040,2025-Q4,2025-12-31,83.5,90.8,91.9,96.3,11.0,8,2.0,89.98,Alto,Cristian García,M,23.0,2019-11-17,1550.0,Remota,Activo,,Coordinador/a Comercial,Jefatura,Comercial,San Salvador,ENC0040,2026-06-14,Correo,El ambiente laboral facilita mi productividad y colaboración.,positivo,True,5.0,4.0,3.0,3.0,4.0,6,1,Alto,Bajo,Activo
159,EMP040,2026-Q1,2026-03-31,93.4,93.6,82.4,100.0,12.0,12,2.0,92.02,Alto,Cristian García,M,23.0,2019-11-17,1550.0,Remota,Activo,,Coordinador/a Comercial,Jefatura,Comercial,San Salvador,ENC0040,2026-06-14,Correo,El ambiente laboral facilita mi productividad y colaboración.,positivo,True,5.0,4.0,3.0,3.0,4.0,6,2,Alto,Bajo,Activo
160,EMP040,2026-Q2,2026-06-30,90.6,91.8,86.0,96.4,3.0,12,2.0,90.91,Alto,Cristian García,M,23.0,2019-11-17,1550.0,Remota,Activo,,Coordinador/a Comercial,Jefatura,Comercial,San Salvador,ENC0040,2026-06-14,Correo,El ambiente laboral facilita mi productividad y colaboración.,positivo,True,5.0,4.0,3.0,3.0,4.0,6,0,Alto,Bajo,Activo
